{
    "bert-base-uncased": {
        "11_70": {"eval_loss": 0.692585825920105, "eval_model_preparation_time": 0.0192, "eval_accuracy": 0.8183856502242153, "eval_precision": 0.8011695906432749, "eval_recall": 0.7445652173913043, "eval_f1": 0.7718309859154929, "eval_runtime": 26.2977, "eval_samples_per_second": 16.96, "eval_steps_per_second": 1.065},
        "70_130": {"eval_loss": 0.7164657115936279, "eval_model_preparation_time": 0.0497, "eval_accuracy": 0.8214876033057851, "eval_precision": 0.8172757475083057, "eval_recall": 0.822742474916388, "eval_f1": 0.82, "eval_runtime": 38.1811, "eval_samples_per_second": 15.846, "eval_steps_per_second": 0.995},
        "130_190": {"eval_loss": 0.6457899212837219, "eval_model_preparation_time": 0.0162, "eval_accuracy": 0.8305785123966942, "eval_precision": 0.85, "eval_recall": 0.8371212121212122, "eval_f1": 0.8435114503816794, "eval_runtime": 27.9148, "eval_samples_per_second": 17.338, "eval_steps_per_second": 1.111},
        "190_250": {"eval_loss": 0.6409178376197815, "eval_model_preparation_time": 0.0177, "eval_accuracy": 0.8257756563245824, "eval_precision": 0.8083333333333333, "eval_recall": 0.8778280542986425, "eval_f1": 0.841648590021692, "eval_runtime": 24.2623, "eval_samples_per_second": 17.27, "eval_steps_per_second": 1.113}
    },
    "ModernBERT-base": {
        "11_70": {"eval_loss": 0.8859739303588867, "eval_model_preparation_time": 0.0294, "eval_accuracy": 0.8385650224215246, "eval_precision": 0.7978723404255319, "eval_recall": 0.8152173913043478, "eval_f1": 0.8064516129032258, "eval_runtime": 37.0696, "eval_samples_per_second": 12.031, "eval_steps_per_second": 0.755},
        "70_130": {"eval_loss": 1.0211185216903687, "eval_model_preparation_time": 0.0303, "eval_accuracy": 0.8380165289256198, "eval_precision": 0.819047619047619, "eval_recall": 0.862876254180602, "eval_f1": 0.8403908794788274, "eval_runtime": 52.1748, "eval_samples_per_second": 11.596, "eval_steps_per_second": 0.728},
        "130_190": {"eval_loss": 1.025315761566162, "eval_model_preparation_time": 0.0185, "eval_accuracy": 0.8223140495867769, "eval_precision": 0.832089552238806, "eval_recall": 0.8446969696969697, "eval_f1": 0.8383458646616542, "eval_runtime": 40.2554, "eval_samples_per_second": 12.023, "eval_steps_per_second": 0.77},
        "190_250": {"eval_loss": 1.0423469543457031, "eval_model_preparation_time": 0.0134, "eval_accuracy": 0.8114558472553699, "eval_precision": 0.7909836065573771, "eval_recall": 0.8733031674208145, "eval_f1": 0.8301075268817204, "eval_runtime": 34.5765, "eval_samples_per_second": 12.118, "eval_steps_per_second": 0.781}
    }
}
