accuracy,f1_score,precision,recall
0.49540347293156284,0.662568306010929,0.49540347293156284,1.0
