model_name,num_epochs,strategy,learning_rate,weight_decay,batch_size,eval_loss,eval_accuracy,eval_precision,eval_recall,eval_f1,eval_runtime,eval_samples_per_second,eval_steps_per_second,epoch
bert-base-uncased,20,epoch,5e-05,0.0,32,0.4171852171421051,0.8345250255362615,0.8364583333333333,0.8278350515463917,0.8321243523316062,1.5427,1269.215,40.19,4.0
bert-base-uncased,10,epoch,5e-05,0.0,16,0.4062988758087158,0.8314606741573034,0.8271983640081799,0.8340206185567011,0.8305954825462012,2.2207,881.691,55.387,4.0
bert-base-uncased,20,epoch,5e-05,0.01,16,0.855140209197998,0.7870275791624106,0.7302248126561199,0.9041237113402062,0.8079226163058498,2.4413,802.023,50.382,5.0
bert-base-uncased,20,epoch,5e-05,0.001,32,0.6043830513954163,0.8294177732379979,0.8285123966942148,0.8268041237113402,0.8276573787409701,1.4418,1358.053,43.003,5.0
bert-base-uncased,10,epoch,5e-05,0.01,16,0.401261568069458,0.8360572012257406,0.8281092012133469,0.8443298969072165,0.8361408882082695,2.2532,868.996,54.59,4.0
bert-base-uncased,20,epoch,5e-05,0.0,32,0.6732277870178223,0.81511746680286,0.7719141323792487,0.8896907216494845,0.8266283524904214,1.5264,1282.716,40.617,5.0
bert-base-uncased,10,epoch,5e-05,0.01,16,0.6781045794487,0.823799795709908,0.8211716341212744,0.8237113402061855,0.822439526505404,2.5064,781.208,49.075,5.0
