accuracy,f1_score,precision,recall
0.3333333333333333,0.25,0.16666666666666666,0.5
