accuracy,f1_score,precision,recall
0.4945273631840796,0.6617842876165113,0.4945273631840796,1.0
