accuracy,f1_score,precision,recall
0.6059701492537314,0.6470588235294118,0.5808,0.7303822937625755
