model_name,num_epochs,strategy,learning_rate,weight_decay,batch_size,eval_loss,eval_accuracy,eval_precision,eval_recall,eval_f1,eval_runtime,eval_samples_per_second,eval_steps_per_second,epoch
answerdotai/ModernBERT-base,20,epoch,2e-05,0.01,16,1.5589159727096558,0.8432073544433095,0.834510595358224,0.8525773195876288,0.8434472208057113,4.9848,392.794,24.675,8.0
answerdotai/ModernBERT-base,20,epoch,3e-05,0.0,16,1.7142759561538696,0.822267620020429,0.8160569105691057,0.8278350515463917,0.8219037871033776,4.5237,432.827,27.19,8.0
answerdotai/ModernBERT-base,20,epoch,5e-05,0.001,16,0.387016236782074,0.8350357507660878,0.8009302325581396,0.8876288659793814,0.8420537897310514,5.2874,370.315,23.263,4.0
answerdotai/ModernBERT-base,20,epoch,5e-05,0.01,16,0.4019585847854614,0.8319713993871297,0.8253807106598985,0.8381443298969072,0.8317135549872122,4.5989,425.758,26.746,4.0
answerdotai/ModernBERT-base,20,epoch,0.0001,0.01,64,0.462601900100708,0.8171603677221655,0.8128834355828221,0.8195876288659794,0.8162217659137577,1.4637,1337.704,21.179,5.0
answerdotai/ModernBERT-base,20,epoch,2e-05,0.01,16,0.9935859441757202,0.8304392236976507,0.8139763779527559,0.8525773195876288,0.8328298086606244,4.9714,393.853,24.742,5.0
