accuracy,f1_score,precision,recall
0.6666666666666666,0.4,0.3333333333333333,0.5
