model_name,num_epochs,strategy,learning_rate,weight_decay,batch_size,eval_loss,eval_accuracy,eval_precision,eval_recall,eval_f1,eval_runtime,eval_samples_per_second,eval_steps_per_second,epoch
bert-base-uncased,20,epoch,5e-05,0.0,32,1.0799839496612549,0.5161904761904762,0.5556085038929544,0.5127083333333334,0.516323794567817,1.1431,1377.823,43.74,4.0
bert-base-uncased,20,epoch,5e-05,0.0,16,1.4172559976577759,0.49587301587301585,0.5142306815175155,0.4935833333333333,0.5011627221796116,1.8387,856.583,53.842,5.0
bert-base-uncased,20,epoch,5e-05,0.01,16,1.3781285285949707,0.48698412698412696,0.5106211414331648,0.48420833333333335,0.49215142938054884,1.7573,896.274,56.337,5.0
bert-base-uncased,20,epoch,5e-05,0.001,32,1.8087577819824219,0.5047619047619047,0.5368945573057448,0.5042083333333334,0.5125157964567442,1.1884,1325.274,42.072,7.0
bert-base-uncased,20,epoch,5e-05,0.01,16,1.099293828010559,0.5117460317460317,0.5398629601367417,0.5080833333333334,0.5121408504911676,1.7538,898.047,56.449,4.0
