accuracy,f1_score,precision,recall
0.7791044776119403,0.7905660377358491,0.7442273534635879,0.8430583501006036
