accuracy,f1_score,precision,recall
0.34,0.2039820300554648,0.3158645534883158,0.32757486624460974
