accuracy,f1_score,precision,recall
0.6776666666666666,0.2692893569110537,0.2258888888888889,0.3333333333333333
