model_name,num_epochs,strategy,learning_rate,weight_decay,batch_size,eval_loss,eval_accuracy,eval_precision,eval_recall,eval_f1,eval_runtime,eval_samples_per_second,eval_steps_per_second,epoch
bert-base-uncased,20,epoch,5e-05,0.0,32,0.7258923053741455,0.6672222222222223,0.6800561271739128,0.6672222222222223,0.6716687048543765,1.3323,1351.061,42.784,4.0
bert-base-uncased,20,epoch,5e-05,0.0,16,2.1462180614471436,0.6555555555555556,0.6682569512705371,0.6555555555555556,0.6599993394507577,2.1251,847.007,53.173,9.0
bert-base-uncased,20,epoch,5e-05,0.01,16,0.7609475255012512,0.6488888888888888,0.6950209532407264,0.648888888888889,0.6572564367010977,2.0051,897.707,56.356,4.0
bert-base-uncased,20,epoch,5e-05,0.001,32,0.738663375377655,0.6594444444444445,0.6901316664856173,0.6594444444444445,0.6669281775405681,1.3527,1330.71,42.139,4.0
bert-base-uncased,20,epoch,5e-05,0.01,16,1.7468997240066528,0.6594444444444445,0.6801292843414842,0.6594444444444445,0.6652892148077808,2.1513,836.721,52.527,8.0
