accuracy,f1_score,precision,recall
0.9666666666666667,0.9614890885750962,0.9761904761904762,0.95
