accuracy,f1_score,precision,recall
0.49591419816138915,0.6625641025641026,0.4956521739130435,0.9989690721649485
