accuracy,f1_score,precision,recall
0.6633333333333333,0.27284142320374205,0.28116891626261303,0.3283677226087687
