accuracy,f1_score,precision,recall
0.333,0.20519106086669062,0.29050148132090464,0.31370805185628364
