model_name,num_epochs,strategy,learning_rate,weight_decay,batch_size,eval_loss,eval_accuracy,eval_precision,eval_recall,eval_f1,eval_runtime,eval_samples_per_second,eval_steps_per_second,epoch
answerdotai/ModernBERT-base,20,epoch,2e-05,0.01,16,1.138000726699829,0.47619047619047616,0.5038565575189373,0.4730833333333333,0.47964700175140873,3.635,433.289,27.235,4.0
answerdotai/ModernBERT-base,20,epoch,3e-05,0.0,16,1.1116427183151245,0.5015873015873016,0.5081081376541713,0.4980833333333334,0.49908043859548123,3.7547,419.476,26.367,4.0
answerdotai/ModernBERT-base,20,epoch,5e-05,0.001,16,1.6589034795761108,0.4965079365079365,0.5003272760212019,0.4925,0.4921670840893114,3.6938,426.396,26.802,5.0
answerdotai/ModernBERT-base,20,epoch,5e-05,0.01,16,1.4902840852737427,0.4888888888888889,0.4826872427653096,0.487,0.48336595620263806,3.7172,423.704,26.633,5.0
answerdotai/ModernBERT-base,20,epoch,0.0001,0.01,64,2.2571675777435303,0.4831746031746032,0.49273364233074446,0.4822916666666667,0.48406906639800074,1.2142,1297.137,20.589,6.0
