accuracy,f1_score,precision,recall
0.6138917262512769,0.6201005025125628,0.6049019607843137,0.6360824742268041
