accuracy,f1_score,precision,recall
0.5492537313432836,0.6794055201698513,0.5240174672489083,0.96579476861167
