model_name,num_epochs,strategy,learning_rate,weight_decay,batch_size,eval_loss,eval_accuracy,eval_precision,eval_recall,eval_f1,eval_runtime,eval_samples_per_second,eval_steps_per_second,epoch
answerdotai/ModernBERT-base,20,epoch,2e-05,0.01,16,0.7386245131492615,0.6733333333333333,0.6872942933418004,0.6733333333333335,0.6771139208566881,4.1392,434.869,27.3,4.0
answerdotai/ModernBERT-base,20,epoch,2e-05,0.01,16,0.7427344918251038,0.6533333333333333,0.6711169993254139,0.6533333333333333,0.6589024621113581,4.1978,428.792,26.919,6.0
answerdotai/ModernBERT-base,20,epoch,3e-05,0.0,16,0.7318691611289978,0.6711111111111111,0.6819447395382783,0.6711111111111111,0.6749926540321596,4.2491,423.615,26.594,5.0
answerdotai/ModernBERT-base,20,epoch,5e-05,0.001,16,2.8576884269714355,0.6527777777777778,0.6598546892164795,0.6527777777777778,0.6539391816651358,4.8452,371.5,23.322,9.0
answerdotai/ModernBERT-base,20,epoch,5e-05,0.01,16,3.987978458404541,0.6622222222222223,0.6811483878157523,0.6622222222222223,0.6680945144800567,4.3016,418.448,26.269,12.0
answerdotai/ModernBERT-base,20,epoch,0.0001,0.01,64,0.7833581566810608,0.6338888888888888,0.67917877360166,0.633888888888889,0.6415292478451035,1.5139,1188.975,19.156,6.0
