accuracy,f1_score,precision,recall
0.7768130745658836,0.7914081145584726,0.7368888888888889,0.8546391752577319
